"Transfermarkt_West_Bromwich_Albion258433","Kaggle_West_Bromwich_Albion1713","1.0"
"Transfermarkt_Atlético_Madrid_B145038","Kaggle_Atlético_Madrid3159","0.9"
"Transfermarkt_Real_Madrid_Jugend222785","Kaggle_Atlético_Madrid3159","0.9"
"Transfermarkt_Cambuslang_Rangers260786","Kaggle_Rangers1925","0.9"
"Transfermarkt_Fortuna_Mönchengladbach253053","Kaggle_Borussia_Mönchengladbach2419","1.0"
"Transfermarkt_Motherwell_FC_U20173689","Kaggle_Motherwell1005","0.9"
"Transfermarkt_SC_Heerenveen4797","Kaggle_SC_Heerenveen3635","1.0"
"Transfermarkt_AS_Monaco12450","Kaggle_AS_Monaco2628","1.0"
"Transfermarkt_Türkgücü_Freiburg105124","Kaggle_SC_Freiburg2539","0.9"
"Transfermarkt_Emma_Dordrecht189193","Kaggle_FC_Dordrecht3509","0.9"
"Transfermarkt_FC_Sevilla65049","Kaggle_Sevilla_FC2389","1.0"
"Transfermarkt_Lierse_SK_Reserve243323","Kaggle_Lierse_SK1535","0.9"
"Transfermarkt_Viktoria_Preußen_Frankfurt155782","Kaggle_Eintracht_Frankfurt2929","0.9"
"Transfermarkt_Valencia_FC166695","Kaggle_Valencia_CF3281","1.0"
"Transfermarkt_Inter_Eidelstedt71241","Kaggle_Inter2316","0.9"
"Transfermarkt_TSV_Wolfsburg244975","Kaggle_VfL_Wolfsburg2916","1.0"
"Transfermarkt_FC_Granada135931","Kaggle_Granada_CF3517","1.0"
"Transfermarkt_CD_El_Nacional137560","Kaggle_CD_Nacional1412","0.9"
"Transfermarkt_RC_Lens131214","Kaggle_RC_Lens3732","1.0"
"Transfermarkt_FC_Évian_Thonon_Gaillard131433","Kaggle_Évian_Thonon_Gaillard_FC1155","1.0"
"Transfermarkt_FC_Aarau66081","Kaggle_FC_Aarau236","1.0"
"Transfermarkt_ESV_Wolfsburg268164","Kaggle_VfL_Wolfsburg2916","0.9"
"Transfermarkt_CF_União_Madeira72994","Kaggle_Uniao_da_Madeira571","0.9"
"Transfermarkt_APM_Metz279878","Kaggle_FC_Metz3099","0.9"
"Transfermarkt_Gil_Vicente_FC109355","Kaggle_Gil_Vicente_FC1300","1.0"
"Transfermarkt_Excelsior_Schœlcher251434","Kaggle_Excelsior2742","0.9"
"Transfermarkt_AS_Toulouse_Mirail264985","Kaggle_Toulouse_FC778","0.9"
"Transfermarkt_AC_Ajaccio62374","Kaggle_GFC_Ajaccio3609","0.9"
"Transfermarkt_Inverness_Caledonian_Thistle_FC_U20195741","Kaggle_Inverness_Caledonian_Thistle881","0.9"
"Transfermarkt_De_Graafschap_Doetinchem8201","Kaggle_De_Graafschap2825","0.9"
"Transfermarkt_FC_St._Pauli_Jugend247257","Kaggle_FC_St._Pauli2902","0.9"
"Transfermarkt_Instituto_AC_Córdoba98963","Kaggle_Córdoba_CF3565","0.9"
"Transfermarkt_FT_Braunschweig128705","Kaggle_Eintracht_Braunschweig2179","0.9"
"Transfermarkt_AC_Milan_Waldkirch251338","Kaggle_Milan3132","0.9"
"Transfermarkt_FC_Zürich107846","Kaggle_FC_Zürich60","1.0"
"Transfermarkt_Wigan_Athletic_Reserves138806","Kaggle_Wigan_Athletic2186","0.9"
"Transfermarkt_Club_Nacional_Asunción52292","Kaggle_CD_Nacional1412","0.9"
"Transfermarkt_CP_Villarrobledo17922","Kaggle_Sporting_CP843","0.9"
"Transfermarkt_FC_Sevilla_B_(Atlético)14499","Kaggle_Sevilla_FC2389","0.9"
"Transfermarkt_FC_Southampton70091","Kaggle_Southampton1758","1.0"
"Transfermarkt_Stade_Brest_29184071","Kaggle_Stade_Brestois_292432","0.875"
"Transfermarkt_FC_Le_Mans20389","Kaggle_Le_Mans_FC2587","1.0"
"Transfermarkt_Inverness_Caledonian_Thistle_FC109610","Kaggle_Inverness_Caledonian_Thistle881","1.0"
"Transfermarkt_Forest_Rangers_FC48461","Kaggle_Rangers1925","0.9"
"Transfermarkt_Levante_UD_Jugend208166","Kaggle_Levante_UD2251","0.9"
"Transfermarkt_FC_Arouca5057","Kaggle_FC_Arouca505","1.0"
"Transfermarkt_Crystal_Palace_Baltimore275550","Kaggle_Crystal_Palace1829","0.9"
"Transfermarkt_Brescia_Primavera210051","Kaggle_Brescia3684","0.9"
"Transfermarkt_Landstraßer_AC-Inter187237","Kaggle_Inter2316","0.9"
"Transfermarkt_FC_Barcelona_B2667","Kaggle_FC_Barcelona1323","0.9"
"Transfermarkt_Eintracht_Dortmund_Jugend250351","Kaggle_Borussia_Dortmund3490","0.9"
"Transfermarkt_FC_Valenciennes8990","Kaggle_Valenciennes_FC747","1.0"
"Transfermarkt_Porto_Corallo243886","Kaggle_FC_Porto43","0.9"
"Transfermarkt_Servette_FC51894","Kaggle_Servette_FC3668","1.0"
"Transfermarkt_FC_Watford_U21128003","Kaggle_Watford3711","0.9"
"Transfermarkt_Lazio_Weitere280279","Kaggle_Lazio491","0.9"
"Transfermarkt_FC_Chelsea_U18140352","Kaggle_Chelsea1275","0.9"
"Transfermarkt_Hellas_Verona91571","Kaggle_Hellas_Verona2146","1.0"
"Transfermarkt_ES_Troyes_AC182675","Kaggle_ES_Troyes_AC2729","1.0"
"Transfermarkt_Grenoble_Foot_38248399","Kaggle_Grenoble_Foot_381068","1.0"
"Transfermarkt_AS_Rangers270505","Kaggle_Rangers1925","1.0"
"Transfermarkt_Old_Madrid255282","Kaggle_Atlético_Madrid3159","0.9"
"Transfermarkt_FC_Eupen129831","Kaggle_KAS_Eupen138","0.9"
"Transfermarkt_CD_Nacional60380","Kaggle_CD_Nacional1412","1.0"
"Transfermarkt_AS_Luxemburg_Porto254022","Kaggle_FC_Porto43","0.9"
"Transfermarkt_Sampdoria_Primavera135977","Kaggle_Sampdoria2114","0.9"
"Transfermarkt_Randers_FC157354","Kaggle_Rangers1925","0.8571428571428572"
"Transfermarkt_Podbeskidzie_Bielsko-Biala46591","Kaggle_Podbeskidzie_Bielsko-Biała599","0.9333333333333332"
"Transfermarkt_Keppel_Monaco56336","Kaggle_AS_Monaco2628","0.9"
"Transfermarkt_Carpi_FC_Jugend243683","Kaggle_Carpi3790","0.9"
"Transfermarkt_Cove_Rangers_FC133216","Kaggle_Rangers1925","0.9"
"Transfermarkt_Académica_Coimbra209465","Kaggle_Académica_de_Coimbra1465","0.9"
"Transfermarkt_CD_Palencia85864","Kaggle_Valencia_CF3281","0.875"
"Transfermarkt_FC_Paços_de_Ferreira49417","Kaggle_FC_Paços_de_Ferreira3687","1.0"
"Transfermarkt_Clube_Atlético_Juventus_(SP)58832","Kaggle_Juventus3115","0.9"
"Transfermarkt_Inter_Baku133167","Kaggle_Inter2316","0.9"
"Transfermarkt_FC_Ingolstadt_04261745","Kaggle_FC_Ingolstadt_043783","1.0"
"Transfermarkt_Arniston_Rangers_FC236145","Kaggle_Rangers1925","0.9"
"Transfermarkt_US_Lecce5437","Kaggle_Lecce2709","0.9"
"Transfermarkt_FC_Inter_Turku49516","Kaggle_Inter2316","0.9"
"Transfermarkt_SD_Atlético_Nacional123828","Kaggle_CD_Nacional1412","0.9"
"Transfermarkt_FC_St._Pauli_III32374","Kaggle_FC_St._Pauli2902","0.9"
"Transfermarkt_Empoli_Primavera46694","Kaggle_Empoli3067","0.9"
"Transfermarkt_Falkirk_FC_U20233482","Kaggle_Falkirk613","0.9"
"Transfermarkt_SC_Bastia_B214272","Kaggle_SC_Bastia2653","0.9"
"Transfermarkt_Manchester_City209744","Kaggle_Manchester_City3074","1.0"
"Transfermarkt_Benfica_FC264280","Kaggle_SL_Benfica3404","0.9"
"Transfermarkt_Bayer_04_Leverkusen70742","Kaggle_Bayer_04_Leverkusen3192","1.0"
"Transfermarkt_UD_Las_Palmas49788","Kaggle_UD_Las_Palmas3817","1.0"
"Transfermarkt_SC_Braga_U19165282","Kaggle_SC_Braga1492","0.9"
"Transfermarkt_Nacional_Atlético_Clube_(PR)245198","Kaggle_CD_Nacional1412","0.9"
"Transfermarkt_Castlebar_Celtic_FC271195","Kaggle_Celtic1872","0.9"
"Transfermarkt_CD_Real_Sociedad138396","Kaggle_Real_Sociedad3357","0.9"
"Transfermarkt_Nenagh_Celtic208436","Kaggle_Celtic1872","0.9"
"Transfermarkt_DJK_Arminia_Bochum41368","Kaggle_VfL_Bochum591","0.9"
"Transfermarkt_Miramar_Rangers_AFC162777","Kaggle_Rangers1925","0.9"
"Transfermarkt_AS_Timau_Basel161037","Kaggle_FC_Basel1560","0.9"
"Transfermarkt_Hibernian_FC229460","Kaggle_Hibernian1686","1.0"
"Transfermarkt_Manning_Rangers267013","Kaggle_Rangers1925","0.9"
"Transfermarkt_FC_Luzern120231","Kaggle_FC_Luzern3239","1.0"
"Transfermarkt_CS_Marítimo58788","Kaggle_CS_Marítimo1512","1.0"
"Transfermarkt_FC_Zürich-Affoltern147524","Kaggle_FC_Zürich60","0.9"
"Transfermarkt_Atlético_Nacional168559","Kaggle_CD_Nacional1412","1.0"
"Transfermarkt_FC_City151628","Kaggle_Leicester_City1343","0.9"
"Transfermarkt_KVC_Westerlo_Reserve169308","Kaggle_KVC_Westerlo93","0.9"
"Transfermarkt_Polizei_SV_Bremen272090","Kaggle_SV_Werder_Bremen2239","0.9"
"Transfermarkt_SV_Werder_Bremen36056","Kaggle_SV_Werder_Bremen2239","1.0"
"Transfermarkt_Ruch_Chorzow14571","Kaggle_Ruch_Chorzów3059","1.0"
"Transfermarkt_Toulouse_Fontaines_Club201695","Kaggle_Toulouse_FC778","0.9"
"Transfermarkt_CD_Everton181309","Kaggle_Everton2591","1.0"
"Transfermarkt_DJK_Germania_Wolfsburg179982","Kaggle_VfL_Wolfsburg2916","0.9"
"Transfermarkt_Ajax_Amsterdam4888","Kaggle_Ajax1954","0.9"
"Transfermarkt_Atalanta_Primavera65643","Kaggle_Atalanta2098","0.9"
"Transfermarkt_CP_Cacereño20490","Kaggle_Sporting_CP843","0.9"
"Transfermarkt_Arroyo_CP49537","Kaggle_Sporting_CP843","0.9"
"Transfermarkt_Aston_Villa131605","Kaggle_Aston_Villa1732","1.0"
"Transfermarkt_Royal_Excel_Mouscron66436","Kaggle_Royal_Excel_Mouscron2612","1.0"
"Transfermarkt_Baltimore_Celtic230716","Kaggle_Celtic1872","0.9"
"Transfermarkt_FC_Augsburg122792","Kaggle_FC_Augsburg2871","1.0"
"Transfermarkt_AFC_Bournemouth158050","Kaggle_Bournemouth3418","1.0"
"Transfermarkt_FC_Penafiel122617","Kaggle_FC_Penafiel3798","1.0"
"Transfermarkt_Manchester_United166657","Kaggle_Manchester_City3074","0.9"
"Transfermarkt_FC_Legirus_Inter127688","Kaggle_Inter2316","0.9"
"Transfermarkt_NAC_Breda131680","Kaggle_NAC_Breda2351","1.0"
"Transfermarkt_FC_Nantes11004","Kaggle_FC_Nantes2364","1.0"
"Transfermarkt_RCD_Mallorca154841","Kaggle_RCD_Mallorca2310","1.0"
"Transfermarkt_AC_Bellinzona_Jugend245685","Kaggle_AC_Bellinzona1403","0.9"
"Transfermarkt_FC_Ajax_Lasnamäe100759","Kaggle_Ajax1954","0.9"
"Transfermarkt_Udinese_Calcio129065","Kaggle_Udinese3006","0.9"
"Transfermarkt_FC_Rapid_Lugano250751","Kaggle_Lugano3753","0.9"
"Transfermarkt_Arsenal_Tivat177077","Kaggle_Arsenal76","0.9"
"Transfermarkt_St._Johnstone_FC_U20121057","Kaggle_St._Johnstone_FC906","0.9"
"Transfermarkt_Berwick_Rangers_FC150256","Kaggle_Rangers1925","0.9"
"Transfermarkt_Farsley_Celtic258192","Kaggle_Celtic1872","0.9"
"Transfermarkt_Siena_Berretti250324","Kaggle_Siena3352","0.9"
"Transfermarkt_SV_Brünen254235","Kaggle_SV_Werder_Bremen2239","0.8571428571428572"
"Transfermarkt_SV_Brenken258036","Kaggle_SV_Werder_Bremen2239","0.8571428571428572"
"Transfermarkt_FC_Sochaux-Montbéliard79773","Kaggle_FC_Sochaux-Montbéliard3315","1.0"
"Transfermarkt_FC_Valencia39007","Kaggle_Valencia_CF3281","1.0"
"Transfermarkt_Cockhill_Celtic_FC86648","Kaggle_Celtic1872","0.9"
"Transfermarkt_Leixões_SC51288","Kaggle_Leixões_SC580","1.0"
"Transfermarkt_Portimonense_SC120097","Kaggle_Portimonense3569","1.0"
"Transfermarkt_RSV_Braunschweig267541","Kaggle_Eintracht_Braunschweig2179","0.9"
"Transfermarkt_Atlético_Barcelona215441","Kaggle_FC_Barcelona1323","1.0"
"Transfermarkt_FC_St._Gallen95343","Kaggle_FC_St._Gallen1223","1.0"
"Transfermarkt_FC_City151628","Kaggle_Manchester_City3074","0.9"
"Transfermarkt_Rabat_Ajax115542","Kaggle_Ajax1954","0.9"
"Transfermarkt_Borussia_Mönchengladbach257695","Kaggle_Borussia_Mönchengladbach2419","1.0"
"Transfermarkt_Crystal_Palace259368","Kaggle_Crystal_Palace1829","1.0"
"Transfermarkt_Youth_Milan_FC19155","Kaggle_Milan3132","0.9"
"Transfermarkt_Wayside_Celtic172783","Kaggle_Celtic1872","0.9"
"Transfermarkt_FC_Málaga157443","Kaggle_Málaga_CF520","1.0"
"Transfermarkt_SC_Freiburg26687","Kaggle_SC_Freiburg2539","1.0"
"Transfermarkt_Sporting_CP_Juvenis240091","Kaggle_Sporting_CP843","0.9"
"Transfermarkt_FC_Paços_de_Ferreira_U19165298","Kaggle_FC_Paços_de_Ferreira3687","0.9"
"Transfermarkt_Real_Betis_Sevilla223052","Kaggle_Sevilla_FC2389","0.9"
"Transfermarkt_Inter_Burgdorf259553","Kaggle_Inter2316","0.9"
"Transfermarkt_FC_Basel_1893120047","Kaggle_FC_Basel1560","0.9"
"Transfermarkt_Kilsyth_Rangers261270","Kaggle_Rangers1925","0.9"
"Transfermarkt_Club_Valencia245607","Kaggle_Valencia_CF3281","1.0"
"Transfermarkt_NAC_Breda_U19233337","Kaggle_NAC_Breda2351","0.9"
"Transfermarkt_Elche_Ilicitano52651","Kaggle_Elche_CF3346","0.9"
"Transfermarkt_Waasland_Beveren_Reserve175454","Kaggle_Waasland-Beveren379","0.9"
"Transfermarkt_KAA_Gent4910","Kaggle_KAA_Gent654","1.0"
"Transfermarkt_Ottos_Rangers_FC17895","Kaggle_Rangers1925","0.9"
"Transfermarkt_FC_Watford219556","Kaggle_Watford3711","1.0"
"Transfermarkt_FC_Croatia_Frankfurt262995","Kaggle_Eintracht_Frankfurt2929","0.9"
"Transfermarkt_Ross_County_FC_U20154594","Kaggle_Ross_County_FC2074","0.9"
"Transfermarkt_FC_St._Pauli_II81441","Kaggle_FC_St._Pauli2902","0.9"
"Transfermarkt_AC_Bellinzona123197","Kaggle_AC_Bellinzona1403","1.0"
"Transfermarkt_FSV_Frankfurt200598","Kaggle_Eintracht_Frankfurt2929","0.9"
"Transfermarkt_FC_Granada_B148328","Kaggle_Granada_CF3517","0.9"
"Transfermarkt_FC_City151628","Kaggle_Norwich_City3253","0.9"
"Transfermarkt_Stade_Reims205341","Kaggle_Stade_de_Reims793","0.9"
"Transfermarkt_Olympic_Charleroi192149","Kaggle_Sporting_Charleroi956","0.9"
"Transfermarkt_AFC_Sunderland147842","Kaggle_Sunderland1983","1.0"
"Transfermarkt_FC_Córdoba_B136162","Kaggle_Córdoba_CF3565","0.9"
"Transfermarkt_KV_Kortrijk_Reserve255816","Kaggle_KV_Kortrijk3321","0.9"
"Transfermarkt_FCV_Dender_EH101770","Kaggle_FCV_Dender_EH3804","1.0"
"Transfermarkt_FC_Zürich107846","Kaggle_Grasshopper_Club_Zürich3437","0.9"
"Transfermarkt_SV_Juventus207662","Kaggle_Juventus3115","0.9"
"Transfermarkt_SV_Darmstadt_98232015","Kaggle_SV_Darmstadt_982964","1.0"
"Transfermarkt_FC_Groningen17497","Kaggle_FC_Groningen2766","1.0"
"Transfermarkt_BVI_Rangers_FC255285","Kaggle_Rangers1925","0.9"
"Transfermarkt_FC_Kosova_Zürich101676","Kaggle_FC_Zürich60","0.9"
"Transfermarkt_Gran_Valencia_FC216384","Kaggle_Valencia_CF3281","0.9"
"Transfermarkt_Cesena_Primavera174638","Kaggle_Cesena3621","0.9"
"Transfermarkt_SC_Düsseldorf-West183820","Kaggle_Fortuna_Düsseldorf3505","0.9"
"Transfermarkt_Atlético_Clube_Juventus_(AC)269408","Kaggle_Juventus3115","0.9"
"Transfermarkt_SV_Zulte_Waregem_Reserve205108","Kaggle_SV_Zulte-Waregem1047","0.9"
"Transfermarkt_Hamburger_SV_IV32892","Kaggle_Hamburger_SV2885","0.9"
"Transfermarkt_Juventus_IF275414","Kaggle_Juventus3115","0.9"
"Transfermarkt_Blackburn_Rovers_FC91667","Kaggle_Blackburn_Rovers1269","1.0"
"Transfermarkt_Neuchâtel_Xamax_FCS140746","Kaggle_Neuchâtel_Xamax1167","0.9"
"Transfermarkt_Hannover_9624293","Kaggle_Hannover_961908","1.0"
"Transfermarkt_McKelvey_Celtic274693","Kaggle_Celtic1872","0.9"
"Transfermarkt_KSV_Roeselare66266","Kaggle_KSV_Roeselare1972","1.0"
"Transfermarkt_Ross_County_FC258502","Kaggle_Ross_County_FC2074","1.0"
"Transfermarkt_Inter_Club_d'Escaldes238404","Kaggle_Inter2316","0.9"
"Transfermarkt_GFC_Ajaccio15002","Kaggle_GFC_Ajaccio3609","1.0"
"Transfermarkt_Real_Madrid_B_(Castilla)20511","Kaggle_Atlético_Madrid3159","0.9"
"Transfermarkt_FC_Eston_Villa100864","Kaggle_Aston_Villa1732","0.9"
"Transfermarkt_FC_St._Pauli_U19116876","Kaggle_FC_St._Pauli2902","0.9"
"Transfermarkt_FC_Reading78052","Kaggle_Reading2206","1.0"
"Transfermarkt_SM_Caen76638","Kaggle_SM_Caen3391","1.0"
"Transfermarkt_Hibernian_FC_U20140372","Kaggle_Hibernian1686","0.9"
"Transfermarkt_Atlético_Madrid_U19155176","Kaggle_Atlético_Madrid3159","0.9"
"Transfermarkt_FC_Valencia_B_(Mestalla)17962","Kaggle_Valencia_CF3281","0.9"
"Transfermarkt_Blackpool_Mechanics260980","Kaggle_Blackpool1583","0.9"
"Transfermarkt_Blackburn_Rovers171626","Kaggle_Blackburn_Rovers1269","1.0"
"Transfermarkt_Sönderborg_Inter275924","Kaggle_Inter2316","0.9"
"Transfermarkt_Tottenham_Hotspur131262","Kaggle_Tottenham_Hotspur3203","1.0"
"Transfermarkt_SC_Paderborn_07256578","Kaggle_SC_Paderborn_073500","1.0"
"Transfermarkt_RCD_Mallorca_B20649","Kaggle_RCD_Mallorca2310","0.9"
"Transfermarkt_Xerez_Deportivo_FC144617","Kaggle_Xerez_Club_Deportivo3542","1.0"
"Transfermarkt_Inter_Bochum261820","Kaggle_VfL_Bochum591","0.9"
"Transfermarkt_Southampton_Rangers272452","Kaggle_Southampton1758","0.9"
"Transfermarkt_AS_Nancy-Lorraine163485","Kaggle_AS_Nancy-Lorraine2640","1.0"
"Transfermarkt_SpVgg_Greuther_Fürth117324","Kaggle_SpVgg_Greuther_Fürth3108","1.0"
"Transfermarkt_Velocitas_Groningen263043","Kaggle_FC_Groningen2766","0.9"
"Transfermarkt_SC_Bastia153437","Kaggle_SC_Bastia2653","1.0"
"Transfermarkt_Glasgow_Rangers76201","Kaggle_Rangers1925","0.9"
"Transfermarkt_Novara_Primavera203254","Kaggle_Novara131","0.9"
"Transfermarkt_ODS_Dordrecht270079","Kaggle_FC_Dordrecht3509","0.9"
"Transfermarkt_Slask_Wroclaw22970","Kaggle_Śląsk_Wrocław2716","0.9285714285714286"
"Transfermarkt_FC_Paris_Saint-Germain174427","Kaggle_Paris_Saint-Germain1255","1.0"
"Transfermarkt_SC_Leoni_Braunschweig277187","Kaggle_Eintracht_Braunschweig2179","0.9"
"Transfermarkt_Hamburger_SV_Jugend247285","Kaggle_Hamburger_SV2885","0.9"
"Transfermarkt_Manchester_City209744","Kaggle_Manchester_United1807","0.9"
"Transfermarkt_Kilwinning_Rangers_FC197137","Kaggle_Rangers1925","0.9"
"Transfermarkt_FC_Barcelona_Jugend230288","Kaggle_FC_Barcelona1323","0.9"
"Transfermarkt_Catania_Berretti252281","Kaggle_Catania1140","0.9"
"Transfermarkt_FC_Concordia_Basel139398","Kaggle_FC_Basel1560","0.9"
"Transfermarkt_Espanyol_Barcelona53668","Kaggle_FC_Barcelona1323","0.9"
"Transfermarkt_Olympique_Marseille9066","Kaggle_Olympique_de_Marseille2270","0.9"
"Transfermarkt_FC_Porto60595","Kaggle_FC_Porto43","1.0"
"Transfermarkt_FC_Schalke_0479179","Kaggle_FC_Schalke_0414","1.0"
"Transfermarkt_Boavista_FC_U19237397","Kaggle_Boavista_FC1888","0.9"
"Transfermarkt_SV_Zulte_Waregem79706","Kaggle_SV_Zulte-Waregem1047","1.0"
"Transfermarkt_FC_Altstetten_Zürich101707","Kaggle_FC_Zürich60","0.9"
"Transfermarkt_Borussia_Dortmund_U17208316","Kaggle_Borussia_Dortmund3490","0.9"
"Transfermarkt_CD_Feirense45661","Kaggle_Feirense3777","1.0"
"Transfermarkt_FC_Córdoba123851","Kaggle_Córdoba_CF3565","1.0"
"Transfermarkt_KSC_Lokeren68324","Kaggle_Sporting_Lokeren3265","0.9"
"Transfermarkt_FC_Portsmouth78177","Kaggle_Portsmouth3180","1.0"
"Transfermarkt_FC_Fulham49602","Kaggle_Fulham1940","1.0"
"Transfermarkt_FC_Évian_Thonon_Gaillard_B219702","Kaggle_Évian_Thonon_Gaillard_FC1155","0.9"
"Transfermarkt_Heart_of_Midlothian_FC_U20197254","Kaggle_Heart_of_Midlothian1768","0.9"
"Transfermarkt_Nchanga_Rangers_FC159199","Kaggle_Rangers1925","0.9"
"Transfermarkt_FC_Dardania_Basel171267","Kaggle_FC_Basel1560","0.9"
"Transfermarkt_Gornik_Leczna6550","Kaggle_Górnik_Łęczna437","0.9166666666666667"
"Transfermarkt_FC_Braunschweig208732","Kaggle_Eintracht_Braunschweig2179","1.0"
"Transfermarkt_SV_Vitesse235415","Kaggle_Vitesse2789","0.9"
"Transfermarkt_Chievo_Verona258867","Kaggle_Chievo_Verona2025","1.0"
"Transfermarkt_Partick_Thistle_FC78808","Kaggle_Partick_Thistle_F.C.3425","1.0"
"Transfermarkt_Cardiff_City84468","Kaggle_Cardiff_City1905","1.0"
"Transfermarkt_Atlético_Madrid_Jugend200505","Kaggle_Atlético_Madrid3159","0.9"
"Transfermarkt_Fetteh_Feyenoord271976","Kaggle_Feyenoord2839","0.9"
"Transfermarkt_Roter_Milan260469","Kaggle_Milan3132","0.9"
"Transfermarkt_VVV-Venlo37898","Kaggle_VVV-Venlo1350","1.0"
"Transfermarkt_Manchester_United166657","Kaggle_Manchester_United1807","1.0"
"Transfermarkt_Woodview_Celtic_FC263801","Kaggle_Celtic1872","0.9"
"Transfermarkt_Chelsea_United_SC224736","Kaggle_Chelsea1275","0.9"
"Transfermarkt_FC_Utrecht90582","Kaggle_FC_Utrecht1023","1.0"
"Transfermarkt_Swords_Celtic_FC266168","Kaggle_Celtic1872","0.9"
"Transfermarkt_Piast_Gliwice38635","Kaggle_Piast_Gliwice3740","1.0"
"Transfermarkt_Jagiellonia_Bialystok126438","Kaggle_Jagiellonia_Białystok3368","0.9444444444444444"
"Transfermarkt_Deeping_Rangers37416","Kaggle_Rangers1925","0.9"
"Transfermarkt_1.FC_Wolfsburg196375","Kaggle_VfL_Wolfsburg2916","0.9"
"Transfermarkt_Ajax_Tavros256916","Kaggle_Ajax1954","0.9"
"Transfermarkt_Eintracht_Dortmund_U19197705","Kaggle_Borussia_Dortmund3490","0.9"
"Transfermarkt_BSC_Young_Boys123781","Kaggle_BSC_Young_Boys2443","1.0"
"Transfermarkt_FC_Kickers_Luzern141269","Kaggle_FC_Luzern3239","0.9"
"Transfermarkt_Empoli_Jugend243151","Kaggle_Empoli3067","0.9"
"Transfermarkt_Bloemfontein_Celtic125283","Kaggle_Celtic1872","0.9"
"Transfermarkt_CSV_Bochum89407","Kaggle_VfL_Bochum591","0.9"
"Transfermarkt_Juventus_FC132826","Kaggle_Juventus3115","1.0"
"Transfermarkt_ADO_Den_Haag8905","Kaggle_ADO_Den_Haag1074","1.0"
"Transfermarkt_Motherwell_FC15343","Kaggle_Motherwell1005","1.0"
"Transfermarkt_Inter_Plachidol201716","Kaggle_Inter2316","0.9"
"Transfermarkt_FC_Chelsea59092","Kaggle_Chelsea1275","1.0"
"Transfermarkt_FC_Empoli158319","Kaggle_Empoli3067","1.0"
"Transfermarkt_Arminia_Bielefeld74431","Kaggle_DSC_Arminia_Bielefeld1980","0.9"
"Transfermarkt_FC_Stade_Rennes15396","Kaggle_Stade_Rennais_FC2284","0.8571428571428572"
"Transfermarkt_Dundee_FC140422","Kaggle_Dundee_United1842","1.0"
"Transfermarkt_Borussia_Dortmund186602","Kaggle_Borussia_Dortmund3490","1.0"
"Transfermarkt_Bangor_Celtic_FC270699","Kaggle_Celtic1872","0.9"
"Transfermarkt_Vatangücü_Düsseldorf261958","Kaggle_Fortuna_Düsseldorf3505","0.9"
"Transfermarkt_SC_Cambuur-Leeuwarden4742","Kaggle_SC_Cambuur3545","0.9"
"Transfermarkt_Feyenoord_Jugend249284","Kaggle_Feyenoord2839","0.9"
"Transfermarkt_KVC_Westerlo25001","Kaggle_KVC_Westerlo93","1.0"
"Transfermarkt_Moreirense_FC164167","Kaggle_Moreirense_FC3715","1.0"
"Transfermarkt_AC_Cesena12398","Kaggle_Cesena3621","1.0"
"Transfermarkt_Zawisza_Bydgoszcz117171","Kaggle_Zawisza_Bydgoszcz682","1.0"
"Transfermarkt_Real_Valladolid171905","Kaggle_Real_Valladolid229","1.0"
"Transfermarkt_WSV_Bochum218645","Kaggle_VfL_Bochum591","0.9"
"Transfermarkt_Córdoba_FC277140","Kaggle_Córdoba_CF3565","1.0"
"Transfermarkt_KAA_Gent_Reserve153959","Kaggle_KAA_Gent654","0.9"
"Transfermarkt_Carrick_Rangers94439","Kaggle_Rangers1925","0.9"
"Transfermarkt_FC_Watford_U18235036","Kaggle_Watford3711","0.9"
"Transfermarkt_Grasshopper_Club120158","Kaggle_Grasshopper_Club_Zürich3437","0.9"
"Transfermarkt_Berekum_Chelsea3877","Kaggle_Chelsea1275","0.9"
"Transfermarkt_Heracles_Almelo77569","Kaggle_Heracles_Almelo461","1.0"
"Transfermarkt_FC_Elche158515","Kaggle_Elche_CF3346","1.0"
"Transfermarkt_SC_Olhanense73032","Kaggle_S.C._Olhanense1112","1.0"
"Transfermarkt_Sportclub_Excelsior231535","Kaggle_Excelsior2742","0.9"
"Transfermarkt_CA_Osasuna_B197778","Kaggle_CA_Osasuna1210","0.9"
"Transfermarkt_AC_Ajaccio62374","Kaggle_AC_Ajaccio2668","1.0"
"Transfermarkt_FC_Chelsea_U21113935","Kaggle_Chelsea1275","0.9"
"Transfermarkt_Waasland-Beveren153007","Kaggle_Waasland-Beveren379","1.0"
"Transfermarkt_Vitesse_Arnheim48917","Kaggle_Vitesse2789","0.9"
"Transfermarkt_Heart_of_Midlothian_FC51677","Kaggle_Heart_of_Midlothian1768","1.0"
"Transfermarkt_Karlsruher_SC102340","Kaggle_Karlsruher_SC3292","1.0"
"Transfermarkt_Hamburger_SV_U17210568","Kaggle_Hamburger_SV2885","0.9"
"Transfermarkt_Arminia_Hannover48621","Kaggle_Hannover_961908","0.9"
"Transfermarkt_Korona_Kielce125012","Kaggle_Korona_Kielce623","1.0"
"Transfermarkt_SV_Bredene249869","Kaggle_SV_Werder_Bremen2239","0.8571428571428572"
"Transfermarkt_Rio_Ave_FC79098","Kaggle_Rio_Ave_FC1610","1.0"
"Transfermarkt_Atlético_Madrid2751","Kaggle_Atlético_Madrid3159","1.0"
"Transfermarkt_Schwaben_Augsburg79415","Kaggle_FC_Augsburg2871","0.9"
"Transfermarkt_Fortuna_Gliwice259098","Kaggle_Piast_Gliwice3740","0.9"
"Transfermarkt_FC_Toulouse112048","Kaggle_Toulouse_FC778","1.0"
"Transfermarkt_Lazio_Rom123726","Kaggle_Lazio491","0.9"
"Transfermarkt_FC_Burnley258373","Kaggle_Burnley1824","1.0"
"Transfermarkt_Partick_Thistle_FC_U2078795","Kaggle_Partick_Thistle_F.C.3425","0.9"
"Transfermarkt_Borussia_Dortmund_U16231732","Kaggle_Borussia_Dortmund3490","0.9"
"Transfermarkt_FC_Évian_Thonon_Gaillard_U19203885","Kaggle_Évian_Thonon_Gaillard_FC1155","0.9"
"Transfermarkt_Excelsior_Rotterdam6525","Kaggle_Excelsior2742","0.9"
"Transfermarkt_Dundee_FC_U20199726","Kaggle_Dundee_United1842","0.9"
"Transfermarkt_Frosinone_Calcio258895","Kaggle_Frosinone2987","0.9"
"Transfermarkt_University_Inter_FC280238","Kaggle_Inter2316","0.9"
"Transfermarkt_Wolverhampton_Wanderers99261","Kaggle_Wolverhampton_Wanderers1751","1.0"
"Transfermarkt_FC_Sevilla_Jugend208153","Kaggle_Sevilla_FC2389","0.9"
"Transfermarkt_Asd_Reggio_Calabria130261","Kaggle_Reggio_Calabria3235","1.0"
"Transfermarkt_Palermo_Weitere280289","Kaggle_Palermo1244","0.9"
"Transfermarkt_VV_Groningen227616","Kaggle_FC_Groningen2766","0.9"
"Transfermarkt_RKAV_Volendam94596","Kaggle_FC_Volendam2812","0.9"
"Transfermarkt_CA_Union_(Mar_del_Plata)212794","Kaggle_CA_Osasuna1210","0.9"
"Transfermarkt_CA_Bastia15259","Kaggle_SC_Bastia2653","0.9"
"Transfermarkt_Phönix_Bochum241652","Kaggle_VfL_Bochum591","0.9"
"Transfermarkt_Stoke_City258337","Kaggle_Stoke_City1647","1.0"
"Transfermarkt_FC_Metz152297","Kaggle_FC_Metz3099","1.0"
"Transfermarkt_CD_Tondela12882","Kaggle_Tondela3808","1.0"
"Transfermarkt_AS_Livorno38742","Kaggle_Livorno2968","1.0"
"Transfermarkt_Bari_Primavera214100","Kaggle_Bari2230","0.9"
"Transfermarkt_Lancaster_City_FC134816","Kaggle_Manchester_City3074","0.85"
"Transfermarkt_FC_Miyagi_Barcelona259182","Kaggle_FC_Barcelona1323","0.9"
"Transfermarkt_KRC_Genk_Reserve151402","Kaggle_KRC_Genk2461","0.9"
"Transfermarkt_CF_Milan276201","Kaggle_Milan3132","1.0"
"Transfermarkt_Juventus_Turin162693","Kaggle_Juventus3115","0.9"
"Transfermarkt_RSC_Anderlecht14467","Kaggle_RSC_Anderlecht668","1.0"
"Transfermarkt_Pescara_Primavera166351","Kaggle_Pescara3628","0.9"
"Transfermarkt_Aberdeen_FC18128","Kaggle_Aberdeen1662","1.0"
"Transfermarkt_Real_Valladolid_B113146","Kaggle_Real_Valladolid229","0.9"
"Transfermarkt_Umutspor_Frankfurt258784","Kaggle_Eintracht_Frankfurt2929","0.9"
"Transfermarkt_AFC_Tubize153795","Kaggle_Tubize3617","1.0"
"Transfermarkt_Concord_Rangers119478","Kaggle_Rangers1925","0.9"
"Transfermarkt_AFC_Sunderland_U1870462","Kaggle_Sunderland1983","0.9"
"Transfermarkt_Aston_Villa_U21138733","Kaggle_Aston_Villa1732","0.9"
"Transfermarkt_UVV_Utrecht273220","Kaggle_FC_Utrecht1023","0.9"
"Transfermarkt_Vitória_Guimarães_SC86592","Kaggle_Vitória_Guimarães2500","1.0"
"Transfermarkt_FC_Getafe112454","Kaggle_Getafe_CF2010","1.0"
"Transfermarkt_Hamburger_SV_U16244524","Kaggle_Hamburger_SV2885","0.9"
"Transfermarkt_St._Mirren_FC66007","Kaggle_St._Mirren976","1.0"
"Transfermarkt_Carpi_Primavera96547","Kaggle_Carpi3790","0.9"
"Transfermarkt_USD_Juventus_Domo243712","Kaggle_Juventus3115","0.9"
"Transfermarkt_Corrib_Rangers279744","Kaggle_Rangers1925","0.9"
"Transfermarkt_Club_Roeselare223020","Kaggle_KSV_Roeselare1972","0.9"
"Transfermarkt_Club_Nacional72681","Kaggle_CD_Nacional1412","1.0"
"Transfermarkt_FC_Bologna8644","Kaggle_Bologna2161","1.0"
"Transfermarkt_Swansea_City261119","Kaggle_Swansea_City1","1.0"
"Transfermarkt_Go_Ahead_Eagles_Deventer54341","Kaggle_Go_Ahead_Eagles866","0.9"
"Transfermarkt_Widzew_Lodz64321","Kaggle_Widzew_Łódź3034","0.875"
"Transfermarkt_Inter_Moengotapoe35964","Kaggle_Inter2316","0.9"
"Transfermarkt_KV_Kortrijk103174","Kaggle_KV_Kortrijk3321","1.0"
"Transfermarkt_FC_Twente_Enschede20171","Kaggle_FC_Twente169","0.9"
"Transfermarkt_FC_St._Pauli_U17227115","Kaggle_FC_St._Pauli2902","0.9"
"Transfermarkt_Racing_Club_Zürich161756","Kaggle_FC_Zürich60","0.9"
"Transfermarkt_1.FC_Frankfurt_(Oder)115655","Kaggle_Eintracht_Frankfurt2929","0.9"
"Transfermarkt_VfB_Stuttgart29434","Kaggle_VfB_Stuttgart2905","1.0"
"Transfermarkt_CA_Osasuna211980","Kaggle_CA_Osasuna1210","1.0"
"Transfermarkt_FC_Srbija_Zürich141480","Kaggle_FC_Zürich60","0.9"
"Transfermarkt_Clube_Atlético_Juventus_(SC)175621","Kaggle_Juventus3115","0.9"
"Transfermarkt_1.FC_Mönchengladbach76481","Kaggle_Borussia_Mönchengladbach2419","0.9"
"Transfermarkt_Türkspor_Augsburg84896","Kaggle_FC_Augsburg2871","0.9"
"Transfermarkt_KRC_Genk151318","Kaggle_KRC_Genk2461","1.0"
"Transfermarkt_CD_Numancia_B197461","Kaggle_CD_Numancia3605","0.9"
"Transfermarkt_CD_Numancia6298","Kaggle_CD_Numancia3605","1.0"
"Transfermarkt_Hamilton_Academical_FC_U20140280","Kaggle_Hamilton_Academical_FC252","0.9"
"Transfermarkt_Vitória_Setúbal_FC114304","Kaggle_Vitória_Setúbal540","1.0"
"Transfermarkt_FC_Villarreal44055","Kaggle_Villarreal_CF2484","1.0"
"Transfermarkt_US_Atletico_Wolfsburg268157","Kaggle_VfL_Wolfsburg2916","0.9"
"Transfermarkt_Fairview_Rangers279795","Kaggle_Rangers1925","0.9"
"Transfermarkt_Newmarket_Celtic257381","Kaggle_Celtic1872","0.9"
"Transfermarkt_FC_Inter_Dragon24277","Kaggle_Inter2316","0.9"
"Transfermarkt_SCO_Angers633","Kaggle_Angers_SCO3763","1.0"
"Transfermarkt_Willem_II_U17249860","Kaggle_Willem_II189","0.9"
"Transfermarkt_Fortuna_Düsseldorf117437","Kaggle_Fortuna_Düsseldorf3505","1.0"
"Transfermarkt_West_Ham_United116428","Kaggle_West_Ham_United353","1.0"
"Transfermarkt_Southampton_Rangers272452","Kaggle_Rangers1925","0.9"
"Transfermarkt_FC_Dordrecht70716","Kaggle_FC_Dordrecht3509","1.0"
"Transfermarkt_Athletic_Bilbao160814","Kaggle_Athletic_Club_de_Bilbao3044","0.9"
"Transfermarkt_FC_Chelsea_Jugend236088","Kaggle_Chelsea1275","0.9"
"Transfermarkt_AS_Eupen77676","Kaggle_KAS_Eupen138","0.9"
"Transfermarkt_Eintracht_Braunschweig207333","Kaggle_Eintracht_Braunschweig2179","1.0"
"Transfermarkt_BVI_Valencia_FC184646","Kaggle_Valencia_CF3281","0.9"
"Transfermarkt_Zebbug_Rangers_FC19654","Kaggle_Rangers1925","0.9"
"Transfermarkt_Juventus_Bukarest37323","Kaggle_Juventus3115","0.9"
"Transfermarkt_Liverpool_FC_Montevideo136553","Kaggle_Liverpool3083","0.9"
"Transfermarkt_SC_Braga_B60456","Kaggle_SC_Braga1492","0.9"
"Transfermarkt_Naval_1º_de_Maio106588","Kaggle_Naval_1°_de_Maio1290","1.0"
"Transfermarkt_AZ_Alkmaar4836","Kaggle_AZ2853","0.9"
"Transfermarkt_TuRU_Düsseldorf74406","Kaggle_Fortuna_Düsseldorf3505","0.9"
"Transfermarkt_FC_City151628","Kaggle_Birmingham_City1707","0.9"
"Transfermarkt_Atlético_CP85358","Kaggle_Sporting_CP843","1.0"
"Transfermarkt_Lupa_Roma_FC129718","Kaggle_Roma816","0.9"
"Transfermarkt_CSCD_Nápoli173741","Kaggle_Napoli2221","0.9"
"Transfermarkt_Ajax_Amateure160338","Kaggle_Ajax1954","0.9"
"Transfermarkt_Hamburger_SV_II18077","Kaggle_Hamburger_SV2885","0.9"
"Transfermarkt_KV_Oostende14832","Kaggle_KV_Oostende3577","1.0"
"Transfermarkt_Anchor_Queen's_Park_Rangers213950","Kaggle_Queens_Park_Rangers1388","0.9"
"Transfermarkt_FC_Sochaux-Montbéliard_U19184142","Kaggle_FC_Sochaux-Montbéliard3315","0.9"
"Transfermarkt_Hamilton_Wanderers163120","Kaggle_Hamilton_Academical_FC252","0.9"
"Transfermarkt_Roda_JC_Kerkrade77220","Kaggle_Roda_JC_Kerkrade635","1.0"
"Transfermarkt_FC_Arouca_U19250694","Kaggle_FC_Arouca505","0.9"
"Transfermarkt_VfL_Bochum179643","Kaggle_VfL_Bochum591","1.0"
"Transfermarkt_Borussia_Dortmund_U1957207","Kaggle_Borussia_Dortmund3490","0.9"
"Transfermarkt_Borussia_Dortmund_Jugend247265","Kaggle_Borussia_Dortmund3490","0.9"
"Transfermarkt_SC_Braga121198","Kaggle_SC_Braga1492","1.0"
"Transfermarkt_RSC_Charleroi98030","Kaggle_Sporting_Charleroi956","0.9"
"Transfermarkt_FC_Bosporus_Düsseldorf254609","Kaggle_Fortuna_Düsseldorf3505","0.9"
"Transfermarkt_Hamburger_SV_U19155282","Kaggle_Hamburger_SV2885","0.9"
"Transfermarkt_Inter_Milheirós_FC253185","Kaggle_Inter2316","0.9"
"Transfermarkt_Bolton_Wanderers8445","Kaggle_Bolton_Wanderers1936","1.0"
"Transfermarkt_KV_Mechelen_Reserve229033","Kaggle_KV_Mechelen1367","0.9"
"Transfermarkt_Real_Santander_(Floridablanca)273264","Kaggle_Racing_Santander3146","0.9"
"Transfermarkt_União_de_Leiria96144","Kaggle_União_de_Leiria,_SAD2454","0.9"
"Transfermarkt_Falkirk_Juniors_FC58851","Kaggle_Falkirk613","0.9"
"Transfermarkt_FC_Lugano15753","Kaggle_Lugano3753","1.0"
"Transfermarkt_Oud-Heverlee_Leuven97867","Kaggle_Oud-Heverlee_Leuven833","1.0"
"Transfermarkt_Eintracht_Frankfurt9865","Kaggle_Eintracht_Frankfurt2929","1.0"
"Transfermarkt_FC_Manchester_62147026","Kaggle_Manchester_United1807","0.9"
"Transfermarkt_Falkirk_FC71695","Kaggle_Falkirk613","1.0"
"Transfermarkt_Vitesse_Delft233356","Kaggle_Vitesse2789","0.9"
"Transfermarkt_FC_Sion120757","Kaggle_FC_Sion321","1.0"
"Transfermarkt_GKS_Belchatow14627","Kaggle_GKS_Bełchatów88","0.9444444444444444"
"Transfermarkt_Gloucester_City154515","Kaggle_Leicester_City1343","0.85"
"Transfermarkt_Lechia_Gdansk110870","Kaggle_Lechia_Gdańsk2947","1.0"
"Transfermarkt_VfL_Stade251828","Kaggle_Stade_Rennais_FC2284","0.9"
"Transfermarkt_Bologna_Jugend245451","Kaggle_Bologna2161","0.9"
"Transfermarkt_AFC_National35483","Kaggle_CD_Nacional1412","0.875"
"Transfermarkt_Inter_Godfather's185580","Kaggle_Inter2316","0.9"
"Transfermarkt_FC_Everton124423","Kaggle_Everton2591","1.0"
"Transfermarkt_Cagliari_Primavera213784","Kaggle_Cagliari3675","0.9"
"Transfermarkt_Atlético_Racing_Córdoba265285","Kaggle_Córdoba_CF3565","0.9"
"Transfermarkt_Arsenal_Kiew221835","Kaggle_Arsenal76","0.9"
"Transfermarkt_Queen's_Park_FC63979","Kaggle_Queens_Park_Rangers1388","0.9"
"Transfermarkt_Manchester_High212853","Kaggle_Manchester_United1807","0.9"
"Transfermarkt_Cagliari_Jugend248929","Kaggle_Cagliari3675","0.9"
"Transfermarkt_RKC_Waalwijk17466","Kaggle_RKC_Waalwijk120","1.0"
"Transfermarkt_Sampdoria_Genua70802","Kaggle_Sampdoria2114","0.9"
"Transfermarkt_Racing_Santander66952","Kaggle_Racing_Santander3146","1.0"
"Transfermarkt_Vahdet_Braunschweig213657","Kaggle_Eintracht_Braunschweig2179","0.9"
"Transfermarkt_Rayo_Vallecano49669","Kaggle_Rayo_Vallecano424","1.0"
"Transfermarkt_Excelsior_Virton15183","Kaggle_Excelsior2742","0.9"
"Transfermarkt_FC_Lorient8962","Kaggle_FC_Lorient145","1.0"
"Transfermarkt_St._Johnstone_FC50988","Kaggle_St._Johnstone_FC906","1.0"
"Transfermarkt_AS_Porto_Vecchio269582","Kaggle_FC_Porto43","0.9"
"Transfermarkt_FC_Nordstern_Basel140613","Kaggle_FC_Basel1560","0.9"
"Transfermarkt_FC_Málaga_Jugend231799","Kaggle_Málaga_CF520","0.9"
"Transfermarkt_Excelsior_Maassluis75058","Kaggle_Excelsior2742","0.9"
"Transfermarkt_Aberdeen_FC_U20161917","Kaggle_Aberdeen1662","0.9"
"Transfermarkt_Atalanta_Jugend240595","Kaggle_Atalanta2098","0.9"
"Transfermarkt_Bologna_Primavera202874","Kaggle_Bologna2161","0.9"
"Transfermarkt_FC_Liverpool114172","Kaggle_Liverpool3083","1.0"
"Transfermarkt_Inter_Allies_FC132910","Kaggle_Inter2316","0.9"
"Transfermarkt_Nacional_Atlético_Clube_(SP)161090","Kaggle_CD_Nacional1412","0.9"
"Transfermarkt_AC_Arles-Avignon181866","Kaggle_AC_Arles-Avignon1818","1.0"
"Transfermarkt_Queens_Park_Rangers20619","Kaggle_Queens_Park_Rangers1388","1.0"
"Transfermarkt_Wigan_Athletic136867","Kaggle_Wigan_Athletic2186","1.0"
"Transfermarkt_Robur_Siena133734","Kaggle_Siena3352","0.9"
"Transfermarkt_AS_Saint-Étienne20242","Kaggle_AS_Saint-Étienne3459","1.0"
"Transfermarkt_KV_Mechelen15299","Kaggle_KV_Mechelen1367","1.0"
"Transfermarkt_Cesena_Jugend247707","Kaggle_Cesena3621","0.9"
"Transfermarkt_FC_Sochaux-Montbéliard_B205868","Kaggle_FC_Sochaux-Montbéliard3315","0.9"
"Transfermarkt_Rovers_FC272170","Kaggle_Blackburn_Rovers1269","0.9"
"Transfermarkt_Feyenoord_U17233533","Kaggle_Feyenoord2839","0.9"
"Transfermarkt_Borussia_Hannover156495","Kaggle_Hannover_961908","0.9"
"Transfermarkt_Zaglebie_Lubin136796","Kaggle_Zagłębie_Lubin2213","0.9375"
"Transfermarkt_CD_Tondela_U19253205","Kaggle_Tondela3808","0.9"
"Transfermarkt_Kercem_Ajax_FC144512","Kaggle_Ajax1954","0.9"
"Transfermarkt_Winchester_City262540","Kaggle_Manchester_City3074","0.9"
"Transfermarkt_CD_Trofense110058","Kaggle_Trofense3806","1.0"
"Transfermarkt_AS_Excelsior71739","Kaggle_Excelsior2742","1.0"
"Transfermarkt_GRC_Groningen273029","Kaggle_FC_Groningen2766","0.9"
"Transfermarkt_Borussia_Dortmund_II94969","Kaggle_Borussia_Dortmund3490","0.9"
"Transfermarkt_FC_Seefeld_Zürich133987","Kaggle_FC_Zürich60","0.9"
"Transfermarkt_FC_Energie_Cottbus76124","Kaggle_FC_Energie_Cottbus1339","1.0"
"Transfermarkt_FC_Thun146246","Kaggle_FC_Thun2404","1.0"
"Transfermarkt_FC_Lausanne-Sport61095","Kaggle_FC_Lausanne-Sports2374","0.9166666666666667"
"Transfermarkt_Makkabi_Frankfurt227412","Kaggle_Eintracht_Frankfurt2929","0.9"
"Transfermarkt_FCS_Nacional273260","Kaggle_CD_Nacional1412","0.9"
"Transfermarkt_US_Palermo137355","Kaggle_Palermo1244","0.9"
"Transfermarkt_Sparta_Rotterdam4769","Kaggle_Sparta_Rotterdam214","1.0"
"Transfermarkt_Donegal_Celtic52081","Kaggle_Celtic1872","0.9"
"Transfermarkt_FC_Barcelona53117","Kaggle_FC_Barcelona1323","1.0"
"Transfermarkt_FC_Volendam37062","Kaggle_FC_Volendam2812","1.0"
"Transfermarkt_Wacker_Braunschweig269068","Kaggle_Eintracht_Braunschweig2179","1.0"
"Transfermarkt_Sportfreunde_Eintracht_Freiburg265027","Kaggle_SC_Freiburg2539","0.9"
"Transfermarkt_FV_Wespe_Wolfsburg265082","Kaggle_VfL_Wolfsburg2916","0.9"
"Transfermarkt_UD_Almería_Jugend248898","Kaggle_UD_Almería479","0.9"
"Transfermarkt_Inter_Bochum261820","Kaggle_Inter2316","0.9"
"Transfermarkt_Hamburger_SV_III33517","Kaggle_Hamburger_SV2885","0.9"
"Transfermarkt_Feyenoord_U1976864","Kaggle_Feyenoord2839","0.9"
"Transfermarkt_FC_United_Zürich174937","Kaggle_FC_Zürich60","0.9"
"Transfermarkt_VfL_Wolfsburg120306","Kaggle_VfL_Wolfsburg2916","1.0"
"Transfermarkt_Brescia_Jugend147619","Kaggle_Brescia3684","0.9"
"Transfermarkt_SV_St._Gallen269423","Kaggle_FC_St._Gallen1223","0.9"
"Transfermarkt_Inter_Hamburg33100","Kaggle_Inter2316","0.9"
"Transfermarkt_FC_Sevilla_C118183","Kaggle_Sevilla_FC2389","0.9"
"Transfermarkt_Hibernians_FC156871","Kaggle_Hibernian1686","0.9"
"Transfermarkt_Atletico_Catania257393","Kaggle_Catania1140","1.0"
"Transfermarkt_AFC_Sunderland_U2127933","Kaggle_Sunderland1983","0.9"
"Transfermarkt_LOSC_Lille94762","Kaggle_LOSC_Lille2555","1.0"
"Transfermarkt_FC_Middlesbrough114114","Kaggle_Middlesbrough1803","1.0"
"Transfermarkt_Polonia_Bytom38584","Kaggle_Polonia_Bytom447","1.0"
"Transfermarkt_Real_Madrid40938","Kaggle_Atlético_Madrid3159","1.0"
"Transfermarkt_GFC_Ajaccio15002","Kaggle_AC_Ajaccio2668","0.9"
"Transfermarkt_FC_Girondins_Bordeaux59466","Kaggle_Girondins_de_Bordeaux2572","0.9"
"Transfermarkt_St._Mirren_FC_U20140335","Kaggle_St._Mirren976","0.9"
"Transfermarkt_Posta_Rangers_FC279286","Kaggle_Rangers1925","0.9"
"Transfermarkt_FC_City151628","Kaggle_Stoke_City1647","0.9"
"Transfermarkt_Manchester_Masters_FC227553","Kaggle_Manchester_United1807","0.9"
"Transfermarkt_Aston_Villa_U18172340","Kaggle_Aston_Villa1732","0.9"
"Transfermarkt_TSG_1899_Hoffenheim70854","Kaggle_TSG_1899_Hoffenheim3021","1.0"
"Transfermarkt_Lierse_SK191702","Kaggle_Lierse_SK1535","1.0"
"Transfermarkt_AZ_Picerno917","Kaggle_AZ2853","0.9"
"Transfermarkt_Sampdoria_Jugend242215","Kaggle_Sampdoria2114","0.9"
"Transfermarkt_GSU_Frankfurt278773","Kaggle_Eintracht_Frankfurt2929","0.9"
"Transfermarkt_RCD_Mallorca_Jugend217669","Kaggle_RCD_Mallorca2310","0.9"
"Transfermarkt_PEC_Zwolle61217","Kaggle_PEC_Zwolle2814","1.0"
"Transfermarkt_Sunderland_RCA205044","Kaggle_Sunderland1983","0.9"
"Transfermarkt_Eintracht_Hannover250965","Kaggle_Hannover_961908","0.9"
"Transfermarkt_RSC_Anderlecht_Reserve57917","Kaggle_RSC_Anderlecht668","0.9"
"Transfermarkt_Kilmarnock_FC110302","Kaggle_Kilmarnock713","1.0"
"Transfermarkt_Dundee_FC_U20199726","Kaggle_Dundee_FC935","0.9"
"Transfermarkt_Rock_Celtic274536","Kaggle_Celtic1872","0.9"
"Transfermarkt_SC_Victoria_Braunschweig260580","Kaggle_Eintracht_Braunschweig2179","0.9"
"Transfermarkt_FC_City151628","Kaggle_Swansea_City1","0.9"
"Transfermarkt_Kilmarnock_FC_U20197694","Kaggle_Kilmarnock713","0.9"
"Transfermarkt_Dundee_FC140422","Kaggle_Dundee_FC935","1.0"
"Transfermarkt_FC_City151628","Kaggle_Hull_City1637","0.9"
"Transfermarkt_Hamilton_Academical_FC49630","Kaggle_Hamilton_Academical_FC252","1.0"
"Transfermarkt_Hull_City105883","Kaggle_Hull_City1637","1.0"
"Transfermarkt_Eintracht_Dortmund275511","Kaggle_Borussia_Dortmund3490","1.0"
"Transfermarkt_Camdonia_Chelsea_SC235339","Kaggle_Chelsea1275","0.9"
"Transfermarkt_SC_Bastia_U19240077","Kaggle_SC_Bastia2653","0.9"
"Transfermarkt_Atlético_Levante_UD127716","Kaggle_Levante_UD2251","1.0"
"Transfermarkt_UD_Almería_B20581","Kaggle_UD_Almería479","0.9"
"Transfermarkt_Leicester_City59930","Kaggle_Leicester_City1343","1.0"
"Transfermarkt_Hamburger_SV15697","Kaggle_Hamburger_SV2885","1.0"
"Transfermarkt_US_Sassuolo202163","Kaggle_Sassuolo2977","0.9"
"Transfermarkt_Las_Palmas_Atlético1712","Kaggle_UD_Las_Palmas3817","0.9"
"Transfermarkt_Birmingham_City113979","Kaggle_Birmingham_City1707","1.0"
"Transfermarkt_Porto_Torres216510","Kaggle_FC_Porto43","0.9"
"Transfermarkt_Novara_Jugend148351","Kaggle_Novara131","0.9"
"Transfermarkt_FC_Vaduz205215","Kaggle_FC_Vaduz1438","1.0"
"Transfermarkt_UD_Almería40894","Kaggle_UD_Almería479","1.0"
"Transfermarkt_FC_St._Pauli16526","Kaggle_FC_St._Pauli2902","1.0"
"Transfermarkt_SC_Beira-Mar2088","Kaggle_SC_Beira_Mar1456","1.0"
"Transfermarkt_Boavista_Porto_FC116741","Kaggle_FC_Porto43","0.9"
"Transfermarkt_Newcastle_Town_FC157024","Kaggle_Newcastle_United1995","0.9"
"Transfermarkt_Inter_2000205776","Kaggle_Inter2316","0.9"
"Transfermarkt_FC_City151628","Kaggle_Cardiff_City1905","0.9"
"Transfermarkt_Brora_Rangers_FC105432","Kaggle_Rangers1925","0.9"
"Transfermarkt_FC_Blackpool116834","Kaggle_Blackpool1583","1.0"
"Transfermarkt_FCO_Dijon14083","Kaggle_Dijon_FCO3759","1.0"
"Transfermarkt_Sporting_West268152","Kaggle_West_Ham_United353","0.9"
"Transfermarkt_Newcastle_United65338","Kaggle_Newcastle_United1995","1.0"
"Transfermarkt_SC_Steinen_Basel275233","Kaggle_FC_Basel1560","0.9"
"Transfermarkt_FC_Arsenal4967","Kaggle_Arsenal76","1.0"
"Transfermarkt_SD_Eibar176881","Kaggle_SD_Eibar3533","1.0"
"Transfermarkt_FC_Talanta252118","Kaggle_Atalanta2098","0.875"
"Transfermarkt_Stafford_Rangers211909","Kaggle_Rangers1925","0.9"
"Transfermarkt_ASV_Arsenal258669","Kaggle_Arsenal76","0.9"
"Transfermarkt_FC_Valencia_Jugend230317","Kaggle_Valencia_CF3281","0.9"
"Transfermarkt_FC_Azadi_Bochum265472","Kaggle_VfL_Bochum591","0.9"
"Transfermarkt_Stalybridge_Celtic_FC65275","Kaggle_Celtic1872","0.9"
"Transfermarkt_Norwich_City258528","Kaggle_Norwich_City3253","1.0"
"Transfermarkt_AC_Le_Havre178922","Kaggle_Le_Havre_AC860","1.0"
"Transfermarkt_Newcastle_United_Jets170472","Kaggle_Newcastle_United1995","0.9"
